Country,"Density
(P/Km2)",Agricultural Land( %),Land Area(Km2),Birth Rate,Co2-Emissions,CPI,CPI Change (%),Fertility Rate,Forested Area (%),Gasoline Price,GDP,Infant mortality,Life expectancy,Minimum wage,Physicians per thousand,Population,Tax revenue (%),Total tax rate,Unemployment rate,Urban_population,Latitude,Longitude
Afghanistan,60,58.10%,652230,32.49,8672,149.9,2.30%,4.47,2.10%,$0.70 ,"$19,101,353,833 ",47.9,64.5,$0.43 ,0.28,"38,041,754",9.30%,71.40%,11.12%,"9,797,273",33.93911,67.709953
Albania,105,43.10%,28748,11.78,4536,119.05,1.40%,1.62,28.10%,$1.36 ,"$15,278,077,447 ",7.8,78.5,$1.12 ,1.2,"2,854,191",18.60%,36.60%,12.33%,"1,747,593",41.153332,20.168331
Algeria,18,17.40%,2381741,24.28,150006,151.36,2.00%,3.02,0.80%,$0.28 ,"$169,988,236,398 ",20.1,76.7,$0.95 ,1.72,"43,053,054",37.20%,66.10%,11.70%,"31,510,100",28.033886,1.659626
Andorra,164,40.00%,468,7.20,469,113.22,4.60%,1.27,34.00%,$1.51 ,"$3,154,057,987 ",2.7,83.7,$6.63 ,3.33,"77,142",0.90%,10.00%,1.90%,"67,873",42.506285,1.521801
Angola,26,47.50%,1246700,40.73,34693,261.73,17.10%,5.52,46.30%,$0.97 ,"$94,635,415,870 ",51.6,60.8,$0.71 ,0.21,"31,825,295",9.20%,49.10%,6.89%,"21,061,025",-11.202692,17.873887
Antigua and Barb.,223,20.50%,443,15.33,557,113.81,1.20%,1.99,22.30%,$0.99 ,"$1,727,759,259 ",5,76.9,$3.04 ,2.76,"97,118",16.50%,43.00%,15.08%,"23,800",17.060816,-61.796428
Argentina,17,54.30%,2780400,17.02,201348,232.75,53.50%,2.26,9.80%,$1.10 ,"$449,663,446,954 ",8.8,76.5,$3.35 ,3.96,"44,938,712",10.10%,106.30%,9.79%,"41,339,571",-38.416097,-63.616672
Armenia,104,58.90%,29743,13.99,5156,129.18,1.40%,1.76,11.70%,$0.77 ,"$13,672,802,158 ",11,74.9,$0.66 ,4.4,"2,957,731",20.90%,22.60%,16.99%,"1,869,848",40.069099,45.038189
Australia,3,48.20%,7741220,12.60,375908,119.8,1.60%,1.74,16.30%,$0.93 ,"$1,392,680,589,329 ",3.1,82.7,$13.59 ,3.68,"25,766,605",23.00%,47.40%,5.27%,"21,844,756",-25.274398,133.775136
Austria,109,32.40%,83871,9.70,61448,118.06,1.50%,1.47,46.90%,$1.20 ,"$446,314,739,528 ",2.9,81.6,$10.82,5.17,"8,877,067",25.40%,51.40%,4.67%,"5,194,416",47.516231,14.550072
Azerbaijan,123,57.70%,86600,14.00,37620,156.32,2.60%,1.73,14.10%,$0.56 ,"$39,207,000,000 ",19.2,72.9,$0.47 ,3.45,"10,023,318",13.00%,40.70%,5.51%,"5,616,165",40.143105,47.576927
Bahamas,39,1.40%,13880,13.97,1786,116.22,2.50%,1.75,51.40%,$0.92 ,"$12,827,000,000 ",8.3,73.8,$5.25 ,1.94,"389,482",14.80%,33.80%,10.36%,"323,784",25.03428,-77.39628
Bahrain,2239,11.10%,765,13.99,31694,117.59,2.10%,1.99,0.80%,$0.43 ,"$38,574,069,149 ",6.1,77.2,$19.89,0.93,"1,501,635",4.20%,13.80%,0.71%,"1,467,109",26.0667,50.5577
Bangladesh,1265,70.60%,148460,18.18,84246,179.68,5.60%,2.04,11.00%,$1.12 ,"$302,571,254,131 ",25.1,72.3,$0.51 ,0.58,"167,310,838",8.80%,33.40%,4.19%,"60,987,417",23.684994,90.356331
Barbados,668,23.30%,430,10.65,1276,134.09,4.10%,1.62,14.70%,$1.81 ,"$5,209,000,000 ",11.3,79.1,$3.13 ,2.48,"287,025",27.50%,35.60%,10.33%,"89,431",13.193887,-59.543198
Belarus,47,42.00%,207600,9.90,58280,,5.60%,1.45,42.60%,$0.60 ,"$63,080,457,023 ",2.6,74.2,$1.49 ,5.19,"9,466,856",14.70%,53.30%,4.59%,"7,482,982",53.709807,27.953389
Belgium,383,44.60%,30528,10.30,96889,117.11,1.40%,1.62,22.60%,$1.43 ,"$529,606,710,418 ",2.9,81.6,$10.31 ,3.07,"11,484,055",24.00%,55.40%,5.59%,"11,259,082",50.503887,4.469936
Belize,17,7.00%,22966,20.79,568,105.68,-0.90%,2.31,59.70%,$1.13 ,"$1,879,613,600 ",11.2,74.5,$1.65 ,1.12,"390,353",26.30%,31.10%,6.41%,"179,039",17.189877,-88.49765
Benin,108,33.30%,112622,36.22,6476,110.71,-0.90%,4.84,37.80%,$0.72 ,"$14,390,709,095 ",60.5,61.5,$0.39 ,0.08,"11,801,151",10.80%,48.90%,2.23%,"5,648,149",9.30769,2.315834
Bhutan,20,13.60%,38394,17.26,1261,167.18,2.70%,1.98,72.50%,$0.98 ,"$2,446,674,101 ",24.8,71.5,$0.32 ,0.42,"727,145",16.00%,35.30%,2.34%,"317,538",27.514162,90.433601
Bolivia,11,34.80%,1098581,21.75,21606,148.32,1.80%,2.73,50.30%,$0.71 ,"$40,895,322,865 ",21.8,71.2,$1.36 ,1.59,"11,513,100",17.00%,83.70%,3.50%,"8,033,035",-16.290154,-63.588653
Bosnia and Herz.,64,43.10%,51197,8.11,21848,104.9,0.60%,1.27,42.70%,$1.05 ,"$20,047,848,435 ",5,77.3,$1.04 ,2.16,"3,301,000",20.40%,23.70%,18.42%,"1,605,144",43.915886,17.679076
Botswana,4,45.60%,581730,24.82,6340,149.75,2.80%,2.87,18.90%,$0.71 ,"$18,340,510,789 ",30,69.3,$0.29 ,0.37,"2,346,179",19.50%,25.10%,18.19%,"1,616,550",-22.328474,24.684866
Brazil,25,33.90%,8515770,13.92,462299,167.4,3.70%,1.73,58.90%,$1.02 ,"$1,839,758,040,766 ",12.8,75.7,$1.53 ,2.15,"212,559,417",14.20%,65.10%,12.08%,"183,241,641",-14.235004,-51.92528
Brunei,83,2.70%,5765,14.90,7664,99.03,-0.40%,1.85,72.10%,$0.37 ,"$13,469,422,941 ",9.8,75.7,$2.083,1.61,"433,285",1.60%,8.00%,9.12%,"337,711",4.535277,114.727669
Bulgaria,64,46.30%,110879,8.90,41708,114.42,3.10%,1.56,35.40%,$1.11 ,"$86,000,000,000 ",5.9,74.9,$1.57 ,4.03,"6,975,761",20.20%,28.30%,4.34%,"5,256,027",42.733883,25.48583
Burkina Faso,76,44.20%,274200,37.93,3418,106.58,-3.20%,5.19,19.30%,$0.98 ,"$15,745,810,235 ",49,61.2,$0.34 ,0.08,"20,321,378",15.00%,41.30%,6.26%,"6,092,349",12.238333,-1.561593
Burundi,463,79.20%,27830,39.01,495,182.11,-0.70%,5.41,10.90%,$1.21 ,"$3,012,334,882 ",41,61.2,$0.43,0.1,"11,530,580",13.60%,41.20%,1.43%,"1,541,177",-3.373056,29.918886
Côte d'Ivoire,83,64.80%,322463,35.74,9674,111.61,-0.90%,4.65,32.70%,$0.93 ,"$58,792,205,642 ",59.4,57.4,$0.36 ,0.23,"25,716,544",11.80%,50.10%,3.32%,"13,176,900",7.539989,-5.54708
Cabo Verde,138,19.60%,4033,19.49,543,110.5,1.10%,2.27,22.50%,$1.02 ,"$1,981,845,741 ",16.7,72.8,$0.68 ,0.77,"483,628",20.10%,37.50%,12.25%,"364,029",16.5388,-23.0418
Cambodia,95,30.90%,181035,22.46,9919,127.63,2.50%,2.5,52.90%,$0.90 ,"$27,089,389,787 ",24,69.6,$5.10,0.17,"16,486,542",17.10%,23.10%,0.68%,"3,924,621",12.565679,104.990963
Cameroon,56,20.60%,475440,35.39,8291,118.65,2.50%,4.57,39.30%,$1.03 ,"$38,760,467,033 ",50.6,58.9,$0.35 ,0.09,"25,876,380",12.80%,57.70%,3.38%,"14,741,256",7.369722,12.354722
Canada,4,6.90%,9984670,10.10,544894,116.76,1.90%,1.5,38.20%,$0.81 ,"$1,736,425,629,520 ",4.3,81.9,$9.51 ,2.61,"36,991,981",12.80%,24.50%,5.56%,"30,628,482",56.130366,-106.346771
Central African Rep.,8,8.20%,622984,35.35,297,186.86,37.10%,4.72,35.60%,$1.41 ,"$2,220,307,369 ",84.5,52.8,$0.37 ,0.06,"4,745,185",8.60%,73.30%,3.68%,"1,982,064",6.611111,20.939444
Chad,13,39.70%,1284000,42.17,1016,117.7,-1.00%,5.75,3.80%,$0.78 ,"$11,314,951,343 ",71.4,54,$0.60 ,0.04,"15,946,876",10%,63.50%,1.89%,"3,712,273",15.454166,18.732207
Chile,26,21.20%,756096,12.43,85822,131.91,2.60%,1.65,24.30%,$1.03 ,"$282,318,159,745 ",6.2,80,$2.00 ,2.59,"18,952,038",18.20%,34.00%,7.09%,"16,610,135",-35.675147,-71.542969
China,153,56.20%,9596960,10.90,9893038,125.08,2.90%,1.69,22.40%,$0.96 ,"$19,910,000,000,000 ",7.4,77,$0.87 ,1.98,"1,397,715,000",9.40%,59.20%,4.32%,"842,933,962",35.86166,104.195397
Colombia,46,40.30%,1138910,14.88,97814,140.95,3.50%,1.81,52.70%,$0.68 ,"$323,802,808,108 ",12.2,77.1,$1.23 ,2.18,"50,339,443",14.40%,71.20%,9.71%,"40,827,302",4.570868,-74.297333
Comoros,467,71.50%,2235,31.88,202,103.62,-4.30%,4.21,19.70%,$0,"$1,185,728,677 ",51.3,64.1,$0.71 ,0.27,"850,886",,219.60%,4.34%,"248,152",-11.6455,43.3333
Republic of the Congo,16,31.10%,342000,32.86,3282,124.74,2.20%,4.43,65.40%,$0.97 ,"$10,820,591,131 ",36.2,64.3,$0.88 ,0.12,"5,380,508",9.00%,54.30%,9.47%,"3,625,010",-0.228021,15.827659
Costa Rica,100,34.50%,51100,13.97,8023,128.85,2.10%,1.75,54.60%,$0.98 ,"$61,773,944,174 ",7.6,80.1,$1.84 ,2.89,"5,047,561",13.60%,58.30%,11.85%,"4,041,885",9.748917,-83.753428
Croatia,73,27.60%,56594,9.00,17488,109.82,0.80%,1.47,34.40%,$1.26 ,"$60,415,553,039 ",4,78.1,$2.92 ,3,"4,067,500",22.00%,20.50%,6.93%,"2,328,318",45.1,15.2
Cuba,106,59.90%,110860,10.17,28284,,3.21%,1.62,31.30%,$1.40 ,"$100,023,000,000 ",3.7,78.7,$0.05 ,8.42,"11,333,483",37.50%,22.00%,1.64%,"8,739,135",21.521757,-77.781167
Cyprus,131,12.20%,9251,10.46,6626,102.51,0.30%,1.33,18.70%,$1.23 ,"$24,564,647,935 ",1.9,80.8,$25.18,1.95,"1,198,575",24.50%,22.40%,7.27%,"800,708",35.126413,33.429859
Czech Republic,139,45.20%,78867,10.70,102218,116.48,2.80%,1.69,34.60%,$1.17 ,"$246,489,245,495 ",2.7,79,$3.00 ,4.12,"10,669,709",14.90%,46.10%,1.93%,"7,887,156",49.817492,15.472962
Dem. Rep. Congo,40,11.60%,2344858,41.18,2021,133.85,2.90%,5.92,67.20%,$1.49 ,"$47,319,624,204 ",68.2,60.4,$0.18 ,0.07,"86,790,567",10.70%,50.70%,4.24%,"39,095,679",-4.038333,21.758664
Denmark,137,62.00%,43094,10.60,31786,110.35,0.80%,1.73,14.70%,$1.55 ,"$348,078,018,464 ",3.6,81,$15.97,4.01,"5,818,553",32.40%,23.80%,4.91%,"5,119,978",56.26392,9.501785
Djibouti,43,73.40%,23200,21.47,620,120.25,3.30%,2.73,0.20%,$1.32 ,"$3,318,716,359 ",49.8,66.6,$4.88,0.22,"973,560",1.00%,37.90%,10.30%,"758,549",11.825138,42.590275
Dominica,96,33.30%,751,12.00,180,103.87,1.00%,1.9,57.40%,$1.129,"$596,033,333 ",32.9,76.6,$1.48 ,1.08,"71,808",22.10%,32.60%,11.00%,"50,830",15.414999,-61.370976
Dominican Rep.,225,48.70%,48670,19.51,25258,135.5,1.80%,2.35,41.70%,$1.07 ,"$88,941,298,258 ",24.1,73.9,$0.40 ,1.56,"10,738,958",13.00%,48.80%,5.84%,"8,787,475",18.735693,-70.162651
Ecuador,71,22.20%,283561,19.72,41155,124.14,0.30%,2.43,50.20%,$0.61 ,"$107,435,665,000 ",12.2,76.8,$2.46 ,2.04,"17,373,662",10.90%,34.40%,3.97%,"11,116,711",-1.831239,-78.183406
Egypt,103,3.80%,1001450,26.38,238560,288.57,9.20%,3.33,0.10%,$0.40 ,"$303,175,127,598 ",18.1,71.8,$0.56,0.45,"100,388,073",12.50%,44.40%,10.76%,"42,895,824",26.820553,30.802498
El Salvador,313,76.40%,21041,18.25,7169,111.23,0.10%,2.04,12.60%,$0.83 ,"$27,022,640,000 ",11.8,73.1,$0.50 ,1.57,"6,453,553",18.10%,36.40%,4.11%,"4,694,702",13.794185,-88.89653
Eq. Guinea,50,10.10%,28051,33.24,5655,124.35,1.20%,4.51,55.50%,$1.39,"$11,026,774,945 ",62.6,58.4,$1.05 ,0.4,"1,355,986",6.10%,79.40%,6.43%,"984,812",1.650801,10.267895
Eritrea,35,75.20%,117600,30.30,711,113.22,,4.06,14.90%,$2.00 ,"$2,065,001,626 ",31.3,65.9,$0.50,0.06,"6,333,135",,83.70%,5.14%,"1,149,670",15.179384,39.782334
Estonia,31,23.10%,45228,10.90,16590,122.14,2.30%,1.59,51.30%,$1.14 ,"$31,386,949,981 ",2.1,78.2,$3.14 ,4.48,"1,331,824",20.90%,47.80%,5.11%,"916,024",58.595272,25.013607
eSwatini,67,69.50%,17364,22.80,1368512,116,4.87%,2.8,31.70%,$1.081,"$3,791,304,348 ",34.993,61.1,$9.68,0.1,"1,093,238",28.60%,33.00%,24.66%,"374,223",-26.522503,31.465866
Ethiopia,115,36.30%,1104300,32.34,14870,143.86,15.80%,4.25,12.50%,$0.75 ,"$96,107,662,398 ",39.1,66.2,$0.046,0.08,"112,078,730",7.50%,37.70%,2.08%,"23,788,710",9.145,40.489673
Fiji,49,23.30%,18274,21.28,2046,132.3,1.80%,2.77,55.90%,$0.82 ,"$5,535,548,972 ",21.6,67.3,$1.28 ,0.84,"889,953",24.20%,32.10%,4.10%,"505,048",-17.713371,178.065032
Finland,18,7.50%,338145,8.60,45871,112.33,1.00%,1.41,73.10%,$1.45 ,"$268,761,201,365 ",1.4,81.7,$13.74,3.81,"5,520,314",20.80%,36.60%,6.59%,"4,716,888",61.92411,25.748151
France,119,52.40%,643801,11.30,303276,110.05,1.10%,1.88,31.20%,$1.39 ,"$2,715,518,274,227 ",3.4,82.5,$11.16 ,3.27,"67,059,887",24.20%,60.70%,8.43%,"54,123,364",46.227638,2.213749
Gabon,9,20.00%,267667,31.61,5321,122.19,2.10%,3.97,90.00%,$0.92 ,"$16,657,960,228 ",32.7,66.2,$1.46 ,0.68,"2,172,579",10.20%,47.10%,20.00%,"1,949,694",-0.803689,11.609444
Gambia,239,59.80%,11300,38.54,532,172.73,7.10%,5.22,48.40%,$1.18 ,"$1,763,819,048 ",39,61.7,$0.13 ,0.1,"2,347,706",9.40%,48.40%,9.06%,"1,453,958",13.443182,-15.310139
Georgia,57,34.50%,69700,13.47,10128,133.61,4.90%,2.06,40.60%,$0.76 ,"$17,743,195,770 ",8.7,73.6,$0.05 ,7.12,"3,720,382",21.70%,9.90%,14.40%,"2,196,476",42.315407,43.356892
Germany,240,47.70%,357022,9.50,727973,112.85,1.40%,1.56,32.70%,$1.39 ,"$3,845,630,030,824 ",3.1,80.9,$9.99 ,4.25,"83,132,799",11.50%,48.80%,3.04%,"64,324,835",51.165691,10.451526
Ghana,137,69.00%,238533,29.41,16670,268.36,7.20%,3.87,41.20%,$0.92 ,"$66,983,634,224 ",34.9,63.8,$0.27 ,0.14,"30,792,608",12.60%,55.40%,4.33%,"17,249,054",7.946527,-1.023194
Greece,81,47.60%,131957,8.10,62434,101.87,0.20%,1.35,31.70%,$1.54 ,"$209,852,761,469 ",3.6,81.3,$4.46 ,5.48,"10,716,322",26.20%,51.90%,17.24%,"8,507,474",39.074208,21.824312
Grenada,331,23.50%,349,16.47,268,107.43,0.80%,2.06,50.00%,$1.12 ,"$1,228,170,370 ",13.7,72.4,$2.78,1.41,"112,003",19.40%,47.80%,12.00%,"40,765",12.1165,-61.679
Guatemala,167,36.00%,108889,24.56,16777,142.92,3.70%,2.87,32.70%,$0.79 ,"$76,710,385,880 ",22.1,74.1,$1.60 ,0.35,"16,604,026",10.60%,35.20%,2.46%,"8,540,945",15.783471,-90.230759
Guinea,53,59.00%,245857,36.36,2996,262.95,9.50%,4.7,25.80%,$0.90 ,"$13,590,281,809 ",64.9,61.2,$0.40,0.08,"12,771,246",10.80%,69.30%,4.30%,"4,661,505",9.945587,-9.696645
Guinea-Bissau,70,58.00%,36125,35.13,293,111.65,1.40%,4.48,69.80%,$1,"$1,340,389,411 ",54,58,$0.16 ,0.13,"1,920,922",10.30%,45.50%,2.47%,"840,922",11.803749,-15.180413
Guyana,4,8.60%,214969,19.97,2384,116.19,2.10%,2.46,83.90%,$0.90 ,"$4,280,443,645 ",25.1,69.8,$0.98 ,0.8,"782,766",,30.60%,11.85%,"208,912",4.860416,-58.93018
Haiti,414,66.80%,27750,24.35,2978,179.29,12.50%,2.94,3.50%,$0.81 ,"$8,498,981,821 ",49.5,63.7,$0.25 ,0.23,"11,263,077",16.80%,42.70%,13.78%,"6,328,948",18.971187,-72.285215
Vatican,2003,0.00%,0,7.39,225,,3.40%,1,0.00%,$0,$21200000,1.76,84.2,$7.67,77.6,836,,0.00%,0%,836,41.902916,12.453389
Honduras,89,28.90%,112090,21.60,9813,150.34,4.40%,2.46,40.00%,$0.98 ,"$25,095,395,475 ",15.1,75.1,$1.01 ,0.31,"9,746,117",17.30%,39.10%,5.39%,"5,626,433",15.199999,-86.241905
Hungary,107,58.40%,93028,9.60,45537,121.64,3.30%,1.54,22.90%,$1.18 ,"$160,967,157,504 ",3.6,75.8,$2.62 ,3.41,"9,769,949",23.00%,37.90%,3.40%,"6,999,582",47.162494,19.503304
Iceland,3,18.70%,103000,12.00,2065,129,3.00%,1.71,0.50%,$1.69 ,"$24,188,035,739 ",1.5,82.7,$10.99,4.08,"361,313",23.30%,31.90%,2.84%,"339,110",64.963051,-19.020835
India,464,60.40%,3287263,17.86,2407672,180.44,7.70%,2.22,23.80%,$0.97 ,"$2,611,000,000,000 ",29.9,69.4,$0.30 ,0.86,"1,366,417,754",11.20%,49.70%,5.36%,"471,031,528",20.593684,78.96288
Indonesia,151,31.50%,1904569,18.07,563325,151.18,3.00%,2.31,49.90%,$0.63 ,"$1,119,190,780,753 ",21.1,71.5,$0.48 ,0.43,"270,203,917",10.20%,30.10%,4.69%,"151,509,724",-0.789275,113.921327
Iran,52,28.20%,1648195,18.78,661710,550.93,39.90%,2.14,6.60%,$0.40 ,"$445,345,282,123 ",12.4,76.5,$1.58 ,1.58,"82,913,906",7.40%,44.70%,11.38%,"62,509,623",32.427908,53.688046
Iraq,93,21.40%,438317,29.08,190061,119.86,0.40%,3.67,1.90%,$0.61 ,"$234,094,042,939 ",22.5,70.5,$1.24 ,0.71,"39,309,783",2.00%,30.80%,12.82%,"27,783,368",33.223191,43.679291
Ireland,72,64.50%,70273,12.50,37711,106.58,0.90%,1.75,11.00%,$1.37 ,"$388,698,711,348 ",3.1,82.3,$10.79 ,3.31,"5,007,069",18.30%,26.10%,4.93%,"3,133,123",53.41291,-8.24389
Israel,400,24.60%,20770,20.80,65166,108.15,0.80%,3.09,7.70%,$1.57 ,"$395,098,666,122 ",3,82.8,$7.58 ,4.62,"9,053,300",23.10%,25.30%,3.86%,"8,374,393",31.046051,34.851612
Italy,206,43.20%,301340,7.30,320411,110.62,0.60%,1.29,31.80%,$1.61 ,"$2,001,244,392,042 ",2.6,82.9,$10.6,3.98,"60,297,396",24.30%,59.10%,9.89%,"42,651,966",41.87194,12.56738
Jamaica,273,41.00%,10991,16.10,8225,162.47,3.90%,1.98,30.90%,$1.11 ,"$16,458,071,068 ",12.4,74.4,$1.33 ,1.31,"2,948,279",26.80%,35.10%,8.00%,"1,650,594",18.109581,-77.297508
Japan,347,12.30%,377944,7.40,1135886,105.48,0.50%,1.42,68.50%,$1.06 ,"$5,081,769,542,380 ",1.8,84.2,$6.77 ,2.41,"126,226,568",11.90%,46.70%,2.29%,"115,782,416",36.204824,138.252924
Jordan,115,12.00%,89342,21.98,25108,125.6,0.80%,2.76,1.10%,$1.10 ,"$43,743,661,972 ",13.9,74.4,$1.49 ,2.32,"10,101,694",15.10%,28.60%,14.72%,"9,213,048",30.585164,36.238414
Kazakhstan,7,80.40%,2724900,21.77,247207,182.75,5.20%,2.84,1.20%,$0.42 ,"$180,161,741,180 ",8.8,73.2,$0.41 ,3.25,"18,513,930",11.70%,28.40%,4.59%,"10,652,915",48.019573,66.923684
Kenya,94,48.50%,580367,28.75,17910,180.51,4.70%,3.49,7.80%,$0.95 ,"$95,503,088,538 ",30.6,66.3,$0.25 ,0.16,"52,573,973",15.10%,37.20%,2.64%,"14,461,523",-0.023559,37.906193
Kiribati,147,42.00%,811,27.89,66,99.55,0.60%,3.57,15.00%,$1.32,"$194,647,202 ",41.2,68.1,$1.99,0.2,"117,606",22.00%,32.70%,10.97%,"64,489",1.8368976,-157.3768317
Kuwait,240,8.40%,17818,13.94,98734,126.6,1.10%,2.08,0.40%,$0.35 ,"$134,761,198,946 ",6.7,75.4,$0.95 ,2.58,"4,207,083",1.40%,13.00%,2.18%,"4,207,083",29.31166,47.481766
Kyrgyzstan,34,55.00%,199951,27.10,9787,155.68,1.10%,3.3,3.30%,$0.56 ,"$8,454,619,608 ",16.9,71.4,$0.09 ,1.88,"6,456,900",18.00%,29.00%,6.33%,"2,362,644",41.20438,74.766098
Laos,32,10.30%,236800,23.55,17763,135.87,3.30%,2.67,82.10%,$0.93 ,"$18,173,839,128 ",37.6,67.6,$0.83 ,0.37,"7,169,455",12.90%,24.10%,0.63%,"2,555,552",19.85627,102.495496
Latvia,30,31.10%,64589,10.00,7004,116.86,2.80%,1.6,54.00%,$1.16 ,"$34,117,202,555 ",3.3,74.7,$2.80 ,3.19,"1,912,789",22.90%,38.10%,6.52%,"1,304,943",56.879635,24.603189
Lebanon,667,64.30%,10400,17.55,24796,130.02,3.00%,2.09,13.40%,$0.74 ,"$53,367,042,272 ",6.4,78.9,$2.15 ,2.1,"6,855,713",15.30%,32.20%,6.23%,"6,084,994",33.854721,35.862285
Lesotho,71,77.60%,30355,26.81,2512,155.86,5.20%,3.14,1.60%,$0.70 ,"$2,460,072,444 ",65.7,53.7,$0.41 ,0.07,"2,125,268",31.60%,13.60%,23.41%,"607,508",-29.609988,28.233608
Liberia,53,28.00%,111369,33.04,1386,223.13,23.60%,4.32,43.10%,$0.80 ,"$3,070,518,100 ",53.5,63.7,$0.17 ,0.04,"4,937,374",12.90%,46.20%,2.81%,"2,548,426",6.428055,-9.429499
Libya,4,8.70%,1759540,18.83,50564,125.71,2.60%,2.24,0.10%,$0.11 ,"$52,076,250,948 ",10.2,72.7,$1.88 ,2.09,"6,777,452",,32.60%,18.56%,"5,448,597",26.3351,17.228331
Liechtenstein,238,32.20%,160,9.90,51,99.55,1.70%,1.44,43.10%,$1.74 ,"$6,552,858,739 ",4.9161,83,$21,8.43,"38,019",,21.60%,1.30%,"5,464",47.1410392,9.520935
Lithuania,43,47.20%,65300,10.00,12963,118.38,2.30%,1.63,34.80%,$1.16 ,"$54,219,315,600 ",3.3,75.7,$2.41 ,6.35,"2,786,844",16.90%,42.60%,6.35%,"1,891,013",55.169438,23.881275
Luxembourg,242,53.70%,2586,10.30,8988,115.09,1.70%,1.37,35.70%,$1.19 ,"$71,104,919,108 ",1.9,82.1,$13.05 ,3.01,"645,397",26.50%,20.40%,5.36%,"565,488",49.815273,6.129583
Madagascar,48,71.20%,587041,32.66,3905,184.33,5.60%,4.08,21.40%,$1.11 ,"$14,083,906,357 ",38.2,66.7,$0.21 ,0.18,"26,969,307",10.20%,38.30%,1.76%,"10,210,849",-18.766947,46.869107
Malawi,203,61.40%,118484,34.12,1298,418.34,9.40%,4.21,33.20%,$1.15 ,"$7,666,704,427 ",35.3,63.8,$0.12 ,0.04,"18,628,747",17.30%,34.50%,5.65%,"3,199,301",-13.254308,34.301525
Malaysia,99,26.30%,329847,16.75,248289,121.46,0.70%,2,67.60%,$0.45 ,"$364,701,517,788 ",6.7,76,$0.93 ,1.51,"32,447,385",12.00%,38.70%,3.32%,"24,475,766",4.210484,101.975766
Maldives,1802,26.30%,298,14.20,1445,99.7,0.20%,1.87,3.30%,$1.63 ,"$5,729,248,472 ",7.4,78.6,$.067,4.56,"530,953",19.50%,30.20%,6.14%,"213,645",3.202778,73.22068
Mali,17,33.80%,1240192,41.54,3179,108.73,-1.70%,5.88,3.80%,$1.12 ,"$17,510,141,171 ",62,58.9,$0.23 ,0.13,"19,658,031",11.60%,54.50%,7.22%,"8,479,688",17.570692,-3.996166
Malta,1380,32.40%,316,9.20,1342,113.45,1.60%,1.23,1.10%,$1.36 ,"$14,786,156,563 ",6.1,82.3,$5.07 ,2.86,"502,653",26.20%,44.00%,3.47%,"475,902",35.937496,14.375416
Marshall Islands,329,63.90%,181,29.03,143,,5.20%,4.05,70.20%,$1.44 ,"$221,278,000 ",27.4,65.2,$2.00 ,0.42,"58,791",17.80%,65.90%,0%,"45,514",7.131474,171.184478
Mauritania,5,38.50%,1030700,33.69,2739,135.02,2.30%,4.56,0.20%,$1.13 ,"$7,593,752,450 ",51.5,64.7,$0.53 ,0.19,"4,525,696",,67.00%,9.55%,"2,466,821",21.00789,-10.940835
Mauritius,626,42.40%,2040,10.20,4349,129.91,0.40%,1.41,19.00%,$1.12 ,"$14,180,444,557 ",13.6,74.4,$0.38 ,2.53,"1,265,711",19.10%,22.20%,6.67%,"515,980",-20.348404,57.552152
Mexico,66,54.60%,1964375,17.60,486406,141.54,3.60%,2.13,33.90%,$0.73 ,"$1,258,286,717,125 ",11,75,$0.49 ,2.38,"126,014,024",13.10%,55.10%,3.42%,"102,626,859",23.634501,-102.552784
Micronesia,784,31.40%,702,22.82,143,112.1,0.50%,3.05,91.90%,$1.61,"$401,932,279 ",25.6,67.8,$2.65,0.18,"113,815",25.20%,60.50%,0.70%,"25,963",7.425554,150.550812
Moldova,123,74.20%,33851,10.10,5115,166.2,4.80%,1.26,12.60%,$0.80 ,"$11,955,435,457 ",13.6,71.8,$0.31 ,3.21,"2,657,637",17.70%,38.70%,5.47%,"1,135,502",47.411631,28.369885
Monaco,26337,0.00%,2,5.90,1,,6.60%,2.08,0.00%,$2.00 ,"$7,184,844,193 ",2.6,87,$11.72 ,6.56,"38,964",,0.00%,0.66%,"38,964",43.7384176,7.4246158
Mongolia,2,71.50%,1564116,24.13,25368,195.76,7.30%,2.9,8.00%,$0.72 ,"$13,852,850,259 ",14,69.7,$0.65 ,2.86,"3,225,167",16.80%,25.70%,6.01%,"2,210,626",46.862496,103.846656
Montenegro,47,19.00%,13812,11.73,2017,116.32,2.60%,1.75,61.50%,$1.16 ,"$5,494,736,901 ",2.3,76.8,$1.23 ,2.76,"622,137",,22.20%,14.88%,"417,765",42.708678,19.37439
Morocco,83,68.50%,446550,18.94,61276,111.07,0.20%,2.42,12.60%,$0.99 ,"$118,725,279,596 ",19.2,76.5,$1.60 ,0.73,"36,910,560",21.90%,45.80%,9.02%,"22,975,026",31.791702,-7.09262
Mozambique,40,63.50%,799380,37.52,7943,182.31,2.80%,4.85,48.00%,$0.65 ,"$14,934,159,926 ",54,60.2,$0.27 ,0.08,"30,366,036",0.00%,36.10%,3.24%,"11,092,106",-18.665695,35.529562
Myanmar,83,19.50%,676578,17.55,25280,168.18,8.80%,2.15,43.60%,$0.54 ,"$76,085,852,617 ",36.8,66.9,$0.39 ,0.68,"54,045,420",5.40%,31.20%,1.58%,"16,674,093",21.916221,95.955974
Namibia,3,47.10%,824292,28.64,4228,157.97,3.70%,3.4,8.30%,$0.76 ,"$12,366,527,719 ",29,63.4,$0.42,0.42,"2,494,530",27.10%,20.70%,20.27%,"1,273,258",-22.95764,18.49041
Nauru,541,20.00%,21,25.92,225,,1.23%,3.43,0.00%,$1.61,"$133,000,000 ",15.054,64.2,$15,1.35,"12,780",,20.00%,5.10%,"11,261",-0.522778,166.931503
Nepal,203,28.70%,147181,19.89,9105,188.73,5.60%,1.92,25.40%,$0.91 ,"$30,641,380,604 ",26.7,70.5,$0.36 ,0.75,"28,608,710",20.70%,41.80%,1.41%,"5,765,513",28.394857,84.124008
Netherlands,508,53.30%,41543,9.70,170780,115.91,2.60%,1.59,11.20%,$1.68 ,"$909,070,395,161 ",3.3,81.8,$10.29 ,3.61,"17,332,850",23.00%,41.20%,3.20%,"15,924,729",52.132633,5.291266
New Zealand,18,40.50%,268838,11.98,34382,114.24,1.60%,1.71,38.60%,$1.40 ,"$206,928,765,544 ",4.7,81.9,$11.49 ,3.59,"4,841,000",29.00%,34.60%,4.07%,"4,258,860",-40.900557,174.885971
Nicaragua,55,42.10%,130370,20.64,5592,162.74,5.40%,2.4,25.90%,$0.91 ,"$12,520,915,291 ",15.7,74.3,$0.54 ,0.98,"6,545,502",15.60%,60.60%,6.84%,"3,846,137",12.865416,-85.207229
Niger,19,36.10%,1267000,46.08,2017,109.32,-2.50%,6.91,0.90%,$0.88 ,"$12,928,145,120 ",48,62,$0.29 ,0.04,"23,310,715",11.80%,47.20%,0.47%,"3,850,231",17.607789,8.081666
Nigeria,226,77.70%,923768,37.91,120369,267.51,11.40%,5.39,7.20%,$0.46 ,"$448,120,428,859 ",75.7,54.3,$0.54 ,0.38,"200,963,599",1.50%,34.80%,8.10%,"102,806,948",9.081999,8.675277
North Korea,214,21.80%,120538,13.89,28284,,31.78%,1.9,40.70%,$0.58 ,"$32,100,000,000 ",13.7,72.1,$3,3.67,"25,666,161",,10.00%,2.74%,"15,947,412",40.339852,127.510093
North Macedonia,83,50.00%,25713,10.03,8896732,107.2,6.50%,1.47,39.70%,$1.35,"$10,220,781,069 ",9.221,76.3,$1.513,3,"1,836,713",,10.00%,13.30%,"1,216,459",41.608635,21.745275
Norway,15,2.70%,323802,10.40,41023,120.27,2.20%,1.56,33.20%,$1.78 ,"$403,336,363,636 ",2.1,82.8,$22.80,2.92,"5,347,896",23.90%,36.20%,3.35%,"4,418,218",60.472024,8.468946
Oman,16,4.60%,309500,19.19,63457,113.53,0.10%,2.89,0.00%,$0.45 ,"$76,983,094,928 ",9.8,77.6,$4.33 ,2,"5,266,535",2.50%,27.40%,2.67%,"4,250,777",21.4735329,55.975413
Pakistan,287,47.80%,796095,28.25,201150,182.32,10.60%,3.51,1.90%,$0.79 ,"$304,400,000,000 ",57.2,67.1,$0.69 ,0.98,"216,565,318",9.20%,33.90%,4.45%,"79,927,762",30.375321,69.345116
Palau,39,10.90%,459,14.00,224,118.17,1.30%,2.21,87.60%,$1.337,"$283,994,900 ",16.6,69.1,$3.00 ,1.18,"18,233",21.30%,76.60%,1.70%,"14,491",7.51498,134.58252
Panama,58,30.40%,75420,18.98,10715,122.07,-0.40%,2.46,61.90%,$0.74 ,"$66,800,800,000 ",13.1,78.3,$1.53 ,1.57,"4,246,439",,37.20%,3.90%,"2,890,084",8.537981,-80.782127
Papua New Guinea,20,2.60%,462840,27.07,7536,155.99,3.60%,3.56,74.10%,$1.36 ,"$24,969,611,435 ",38,64.3,$1.16 ,0.07,"8,776,109",13.60%,37.10%,2.46%,"1,162,834",-6.314993,143.95555
Paraguay,18,55.10%,406752,20.57,7407,143.82,2.80%,2.43,37.70%,$1.04 ,"$38,145,288,940 ",17.2,74.1,$1.55 ,1.35,"7,044,636",10.00%,35.00%,4.81%,"4,359,150",-23.442503,-58.443832
Peru,26,18.50%,1285216,17.95,57414,129.78,2.10%,2.25,57.70%,$0.99 ,"$226,848,050,820 ",11.1,76.5,$1.28 ,1.27,"32,510,453",14.30%,36.80%,3.31%,"25,390,339",-9.189967,-75.015152
Philippines,368,41.70%,300000,20.55,122287,129.61,2.50%,2.58,27.80%,$0.86 ,"$376,795,508,680 ",22.5,71.1,$1.12 ,0.6,"108,116,615",14.00%,43.10%,2.15%,"50,975,903",12.879721,121.774017
Poland,124,46.90%,312685,10.20,299037,114.11,2.20%,1.46,30.90%,$1.07 ,"$592,164,400,688 ",3.8,77.6,$2.93 ,2.38,"37,970,874",17.40%,40.80%,3.47%,"22,796,574",51.919438,19.145136
Portugal,111,39.50%,92212,8.50,48742,110.62,0.30%,1.38,34.60%,$1.54 ,"$237,686,075,635 ",3.1,81.3,$3.78 ,5.12,"10,269,417",22.80%,39.80%,6.33%,"6,753,579",39.399872,-8.224454
Qatar,248,5.80%,11586,9.54,103259,115.38,-0.70%,1.87,0.00%,$0.40 ,"$183,466,208,791 ",5.8,80.1,$5.72,2.49,"2,832,067",14.70%,11.30%,0.09%,"2,809,071",25.354826,51.183884
Romania,84,58.80%,238391,9.60,69259,123.78,3.80%,1.71,30.10%,$1.16 ,"$250,077,444,017 ",6.1,75.4,$2.25 ,2.98,"19,356,544",14.60%,20.00%,3.98%,"10,468,793",45.943161,24.96676
Russia,9,13.30%,17098240,11.50,1732027,180.75,4.50%,1.57,49.80%,$0.59 ,"$1,699,876,578,871 ",6.1,72.7,$0.53 ,4.01,"144,373,535",11.40%,46.20%,4.59%,"107,683,889",61.52401,105.318756
Rwanda,525,73.40%,26338,31.70,1115,151.09,3.40%,4.04,19.70%,$1.17 ,"$10,122,472,590 ",27,68.7,$0.98,0.13,"12,626,950",14.30%,33.20%,1.03%,"2,186,104",-1.940278,29.873888
St. Kitts and Nevis,205,23.10%,261,12.60,238,104.57,-1.00%,2.11,42.30%,$14.39,"$1,050,992,593 ",9.8,71.3,$3.33 ,2.52,"52,823",18.50%,49.70%,5.09%,"16,269",17.357822,-62.782998
Saint Lucia,301,17.40%,616,12.00,414,110.13,1.90%,1.44,33.20%,$1.30 ,"$2,122,450,630 ",14.9,76.1,$1.50,0.64,"182,790",18.20%,34.70%,20.71%,"34,280",13.909444,-60.978893
St. Vin. and Gren.,284,25.60%,389,14.24,220,109.67,2.30%,1.89,69.20%,$17.06,"$825,385,185 ",14.8,72.4,$1.16 ,0.66,"100,455",25.40%,37.00%,18.88%,"58,185",12.984305,-61.287228
Samoa,70,12.40%,2831,24.38,246,117.56,1.00%,3.88,60.40%,$0.91 ,"$850,655,017 ",13.6,73.2,$0.78 ,0.34,"202,506",25.50%,19.30%,8.36%,"35,588",-13.759029,-172.104629
San Marino,566,16.70%,61,6.80,213,110.63,1.00%,1.26,16.70%,$1.30,"$1,637,931,034 ",1.7,85.4,$7.63,6.11,"33,860",18.10%,36.20%,3.90%,"32,969",43.94236,12.457777
Saudi Arabia,16,80.80%,2149690,17.80,563449,118.4,-1.20%,2.32,0.50%,$0.24 ,"$792,966,838,162 ",6,75,$3.85 ,2.61,"34,268,528",8.90%,15.70%,5.93%,"28,807,838",23.885942,45.079162
Senegal,87,46.10%,196722,34.52,10902,109.25,1.80%,4.63,42.80%,$1.14 ,"$23,578,084,052 ",31.8,67.7,$0.31 ,0.07,"16,296,364",16.30%,44.80%,6.60%,"7,765,706",14.497401,-14.452362
Serbia,100,39.30%,77474,9.20,45221,144,1.80%,1.49,31.10%,$1.16 ,"$51,409,167,351 ",4.8,75.5,$1.57 ,3.11,"6,944,975",18.60%,36.60%,12.69%,"3,907,243",44.016521,21.005859
Seychelles,214,3.40%,455,17.10,605,129.96,1.80%,2.41,88.40%,$1.53,"$1,698,843,063 ",12.4,72.8,$2.00 ,0.95,"97,625",34.10%,30.10%,3.00%,"55,762",-4.679574,55.491977
Sierra Leone,111,54.70%,71740,33.41,1093,234.16,14.80%,4.26,43.10%,$1.08 ,"$3,941,474,311 ",78.5,54.3,$0.57 ,0.03,"7,813,215",8.60%,30.70%,4.43%,"3,319,366",8.460555,-11.779889
Singapore,8358,0.90%,716,8.80,37535,114.41,0.60%,1.14,23.10%,$1.25 ,"$372,062,527,489 ",2.3,83.1,$22.305,2.29,"5,703,569",13.10%,21.00%,4.11%,"5,703,569",1.352083,103.819836
Slovakia,114,39.20%,49035,10.60,32424,115.34,2.70%,1.52,40.40%,$1.32 ,"$105,422,304,976 ",4.6,77.2,$3.11 ,3.42,"5,454,073",18.70%,49.70%,5.56%,"2,930,419",48.669026,19.699024
Slovenia,103,30.70%,20273,9.40,12633,111.05,1.60%,1.6,62.00%,$1.32 ,"$53,742,159,517 ",1.7,81,$5.25 ,3.09,"2,087,946",18.60%,31.00%,4.20%,"1,144,654",46.151241,14.995463
Solomon Is.,25,3.90%,28896,32.44,169,133.06,1.60%,4.4,77.90%,$10.81,"$1,425,074,226 ",17.1,72.8,$0.40 ,0.19,"669,823",29.50%,32.00%,0.58%,"162,164",-9.64571,160.156194
Somalia,25,70.30%,637657,41.75,645,,,6.07,10.00%,$1.41 ,"$4,720,727,278 ",76.6,57.1,$2.63,0.02,"15,442,905",0.00%,10.00%,11.35%,"7,034,861",5.152149,46.199616
South Africa,49,79.80%,1219090,20.51,476644,158.93,4.10%,2.41,7.60%,$0.92 ,"$351,431,649,241 ",28.5,63.9,$1.38,0.91,"58,558,270",27.50%,29.20%,28.18%,"39,149,717",-30.559482,22.937506
South Korea,527,17.40%,99720,6.40,620302,115.16,0.40%,0.98,63.40%,$1.22 ,"$2,029,000,000,000 ",2.7,82.6,$6.49 ,2.36,"51,709,098",15.60%,33.20%,4.15%,"42,106,719",35.907757,127.766922
S. Sudan,18,44.70%,644329,35.01,1727,4583.71,187.90%,4.7,11.10%,$0.28 ,"$11,997,800,751 ",63.7,57.6,$2.638,0.4,"11,062,113",,31.40%,12.24%,"2,201,250",6.8769919,31.3069788
Spain,94,52.60%,505370,7.90,244002,110.96,0.70%,1.26,36.90%,$1.26 ,"$1,394,116,310,769 ",2.5,83.3,$5.60 ,3.87,"47,076,781",14.20%,47.00%,13.96%,"37,927,409",40.463667,-3.74922
Sri Lanka,341,43.70%,65610,15.83,23362,155.53,3.50%,2.2,32.90%,$0.88 ,"$84,008,783,756 ",6.4,76.8,$0.35 ,1,"21,803,000",11.90%,55.20%,4.20%,"4,052,088",7.873054,80.771797
Sudan,25,28.70%,1861484,32.18,20000,1344.19,51.00%,4.41,8.10%,$0.95 ,"$18,902,284,476 ",42.1,65.1,$0.41 ,0.26,"42,813,238",8.00%,45.40%,16.53%,"14,957,233",12.862807,30.217636
Suriname,4,0.60%,163820,18.54,1738,294.66,22.00%,2.42,98.30%,$1.29 ,"$3,985,250,737 ",16.9,71.6,$3.42,1.21,"581,372",19.50%,27.90%,7.33%,"384,258",3.919305,-56.027783
Sweden,25,7.40%,450295,11.40,43252,110.51,1.80%,1.76,68.90%,$1.42 ,"$530,832,908,738 ",2.2,82.5,$12.25,3.98,"10,285,453",27.90%,49.10%,6.48%,"9,021,165",60.128161,18.643501
Switzerland,219,38.40%,41277,10.00,34477,99.55,0.40%,1.52,31.80%,$1.45 ,"$703,082,435,360 ",3.7,83.6,$29.219,4.3,"8,574,832",10.10%,28.80%,4.58%,"6,332,428",46.818188,8.227512
Syria,95,75.80%,185180,23.69,28830,143.2,36.70%,2.81,2.70%,$0.83 ,"$40,405,006,007 ",14,71.8,$1.02 ,1.22,"17,070,135",14.20%,42.70%,8.37%,"9,358,019",34.802075,38.996815
Tajikistan,68,34.10%,144100,30.76,5310,148.57,6.00%,3.59,3.00%,$0.71 ,"$8,116,626,794 ",30.4,70.9,$0.23 ,1.7,"9,321,018",9.80%,67.30%,11.02%,"2,545,477",38.861034,71.276093
Tanzania,67,44.80%,947300,36.70,11973,187.43,3.50%,4.89,51.60%,$0.87 ,"$63,177,068,175 ",37.6,65,$0.09 ,0.01,"58,005,463",11.50%,43.80%,1.98%,"20,011,885",-6.369028,34.888822
Thailand,137,43.30%,513120,10.34,283763,113.27,0.70%,1.53,32.20%,$0.71 ,"$543,649,976,166 ",7.8,76.9,$1.06 ,0.81,"69,625,582",14.90%,29.50%,0.75%,"35,294,600",15.870032,100.992541
East Timor,89,25.60%,14874,29.42,495,145.38,2.60%,4.02,45.40%,$1.10 ,"$1,673,540,300 ",39.3,69.3,$0.60 ,0.72,"3,500,000",25.00%,17.30%,4.55%,"400,182",-8.874217,125.727539
Togo,152,70.20%,56785,33.11,3000,113.3,0.70%,4.32,3.10%,$0.71 ,"$5,459,979,417 ",47.4,60.8,$0.34 ,0.08,"8,082,366",16.90%,48.20%,2.04%,"3,414,638",8.619543,0.824782
Tonga,147,45.80%,747,24.30,128,121.09,7.40%,3.56,12.50%,$4.28,"$450,353,314 ",13.4,70.8,$0.012,0.52,"100,209",22.30%,27.50%,1.12%,"24,145",-21.178986,-175.198242
Trinidad and Tobago,273,10.50%,5128,12.94,43868,141.75,1.00%,1.73,46.00%,$0.54 ,"$24,100,202,834 ",16.4,73.4,$2.25 ,4.17,"1,394,973",19.50%,40.50%,2.69%,"741,944",10.691803,-61.222503
Tunisia,76,64.80%,163610,17.56,29937,155.33,6.70%,2.2,6.80%,$0.73 ,"$38,797,709,924 ",14.6,76.5,$0.47 ,1.3,"11,694,719",21.10%,60.70%,16.02%,"8,099,061",33.886917,9.537499
Turkey,110,49.80%,783562,16.03,372725,234.44,15.20%,2.07,15.40%,$1.42 ,"$754,411,708,203 ",9.1,77.4,$3.45 ,1.85,"83,429,615",17.90%,42.30%,13.49%,"63,097,818",38.963745,35.243322
Turkmenistan,13,72.00%,488100,23.83,70630,38.21,5.58%,2.79,8.80%,$0.29 ,"$40,761,142,857 ",39.3,68.1,$0.88 ,2.22,"5,942,089",,10.00%,3.91%,"3,092,738",38.969719,59.556278
Tuvalu,393,60.00%,26,22.30,11,,,3.1,33.30%,$0.033,"$47,271,463 ",20.6,65,$7.63,0.92,"11,646",,3880.00%,7.90%,"7,362",-7.109535,177.64933
Uganda,229,71.90%,241038,38.14,5680,173.87,2.90%,4.96,9.70%,$0.94 ,"$34,387,229,486 ",33.8,63,$0.01 ,0.17,"44,269,594",11.70%,33.70%,1.84%,"10,784,516",1.373333,32.290275
Ukraine,75,71.70%,603550,8.70,202250,281.66,7.90%,1.3,16.70%,$0.83 ,"$153,781,069,118 ",7.5,71.6,$0.84 ,2.99,"44,385,155",20.10%,45.20%,8.88%,"30,835,699",48.379433,31.16558
United Arab Emirates,118,5.50%,83600,10.33,206324,114.52,-1.90%,1.41,4.60%,$0.49 ,"$421,142,267,938 ",6.5,77.8,$0.82,2.53,"9,770,529",0.10%,15.90%,2.35%,"8,479,744",23.424076,53.847818
United Kingdom,281,71.70%,243610,11.00,379025,119.62,1.70%,1.68,13.10%,$1.46 ,"$2,827,113,184,696 ",3.6,81.3,$10.13 ,2.81,"66,834,405",25.50%,30.60%,3.85%,"55,908,316",55.378051,-3.435973
United States of America,36,44.40%,9833517,11.60,5006302,117.24,7.50%,1.73,33.90%,$0.71 ,"$21,427,700,000,000 ",5.6,78.5,$7.25 ,2.61,"328,239,523",9.60%,36.60%,14.70%,"270,663,028",37.09024,-95.712891
Uruguay,20,82.60%,176215,13.86,6766,202.92,7.90%,1.97,10.70%,$1.50 ,"$56,045,912,952 ",6.4,77.8,$1.66 ,5.05,"3,461,734",20.10%,41.80%,8.73%,"3,303,394",-32.522779,-55.765835
Uzbekistan,79,62.90%,447400,23.30,91811,1573.5,15.70%,2.42,7.50%,$1.03 ,"$57,921,286,440 ",19.1,71.6,$0.24 ,2.37,"33,580,650",14.80%,31.60%,5.92%,"16,935,729",41.377491,64.585262
Vanuatu,25,15.30%,12189,29.60,147,117.13,2.80%,3.78,36.10%,$1.31 ,"$917,058,851 ",22.3,70.3,$1.56 ,0.17,"299,882",17.80%,8.50%,4.39%,"76,152",-15.376706,166.959158
Venezuela,32,24.50%,912050,17.88,164175,2740.27,254.90%,2.27,52.70%,$0.02,"$482,359,318,768 ",21.4,72.1,$0.01 ,1.92,"28,515,829",,73.30%,8.80%,"25,162,368",6.42375,-66.58973
Vietnam,314,39.30%,331210,16.75,192668,163.52,2.80%,2.05,48.10%,$0.80 ,"$261,921,244,843 ",16.5,75.3,$0.73 ,0.82,"96,462,106",19.10%,37.60%,2.01%,"35,332,140",14.058324,108.277199
Yemen,56,44.60%,527968,30.45,10609,157.58,8.10%,3.79,1.00%,$0.92 ,"$26,914,402,224 ",42.9,66.1,$0.196,0.31,"29,161,922",,26.60%,12.91%,"10,869,523",15.552727,48.516388
Zambia,25,32.10%,752618,36.19,5141,212.31,9.20%,4.63,65.20%,$1.40 ,"$23,064,722,446 ",40.4,63.5,$0.24 ,1.19,"17,861,030",16.20%,15.60%,11.43%,"7,871,713",-13.133897,27.849332
Zimbabwe,38,41.90%,390757,30.68,10983,105.51,0.90%,3.62,35.50%,$1.34 ,"$21,440,758,800 ",33.9,61.2,$0.938,0.21,"14,645,468",20.70%,31.60%,4.95%,"4,717,305",-19.015438,29.154857
